Customer_ID,Age,Employment_Status,Credit_Card_Type,Location,Income,Credit_Score,Credit_Utilization,Missed_Payments,Loan_Balance,Debt_to_Income_Ratio,Account_Tenure,Payment_Risk_Score,Delinquent_Account,ML_Risk_Score,ML_Risk_Tier,Top_Risk_Factor
CUST0001,56,Employed,Student,Los Angeles,165580,398,0.390501929,3,16310,0.317396115,18,8,0,0.0563,Low Risk,Month_5
CUST0002,69,Self-employed,Standard,Phoenix,100999,493,0.312444033,6,17401,0.196092643,0,7,1,0.0181,Low Risk,Age
CUST0003,46,Self-employed,Platinum,Chicago,188416,500,0.359930239,0,13761,0.30165494,1,7,0,0.73,High Risk,Month_5
CUST0004,32,Unemployed,Platinum,Phoenix,101672,413,0.371400355,3,88778,0.264794439,15,8,0,0.0079,Low Risk,Month_2
CUST0005,60,Self-employed,Standard,Phoenix,38524,487,0.234715863,2,13316,0.510583483,11,7,0,0.0142,Low Risk,Credit_Utilization
CUST0006,25,Unemployed,Gold,New York,84042,700,0.65054043,6,48361,0.260687881,7,8,0,0.0052,Low Risk,Month_5
CUST0007,38,Employed,Platinum,New York,35056,354,0.390580941,3,4638,0.484265137,17,8,0,0.0318,Low Risk,Month_2
CUST0008,56,Employed,Student,New York,123215,415,0.532714667,5,55776,0.358695229,1,4,0,0.121,Low Risk,Month_5
CUST0009,36,Employed,Student,Phoenix,66991,405,0.413034848,5,45776,0.219854103,12,3,1,0.9676,High Risk,Month_4
CUST0010,40,Employed,Business,Los Angeles,34870,679,0.361823918,4,93922,0.333081093,5,8,0,0.0068,Low Risk,Age
CUST0011,28,Unemployed,Student,Chicago,42532,340,0.834455847,4,82909,0.269559025,5,6,0,0.0629,Low Risk,Age
CUST0012,28,Unemployed,Business,Chicago,70479,679,0.684586436,3,75777,0.324215749,8,6,0,0.0423,Low Risk,Month_2
CUST0013,41,Employed,Standard,Los Angeles,56975,320,0.12635992,0,15171,0.228610901,15,5,0,0.0091,Low Risk,Credit_Utilization
CUST0014,70,Retired,Standard,Los Angeles,117023,528,0.10517251,5,95136,0.469017763,10,6,0,0.0083,Low Risk,Credit_Utilization
CUST0015,53,Unemployed,Standard,Chicago,143148,617,0.708521767,0,2593,0.392539809,6,7,0,0.1119,Low Risk,Month_2
CUST0016,57,Self-employed,Gold,Houston,159356,601,0.396029322,0,1514,0.303178157,9,8,0,0.7565,High Risk,Month_4
CUST0017,41,Self-employed,Gold,New York,146484,543,0.170183533,3,74039,0.472911477,9,8,0,0.0244,Low Risk,Credit_Utilization
CUST0018,20,Unemployed,Business,New York,183152,823,0.709147027,0,28018,0.307427924,19,3,1,0.9702,High Risk,Employment_Status_Unemployed
CUST0019,39,Unemployed,Student,Chicago,81040,831,0.53382481,5,16034,0.409762496,17,5,0,0.1221,Low Risk,Month_6
CUST0020,70,Retired,Student,Los Angeles,181319,486,0.550314217,2,2420,0.303830059,19,8,0,0.0362,Low Risk,Month_2
CUST0021,19,Self-employed,Standard,Houston,199402,783,0.661907854,4,43942,0.339388759,8,3,0,0.2384,Low Risk,Payment_Risk_Score
CUST0022,41,Unemployed,Platinum,Chicago,40351,690,0.238004568,2,2200,0.291856122,14,7,1,0.9528,High Risk,Month_2
CUST0023,61,Unemployed,Gold,New York,154487,321,0.173699836,0,81757,0.309530135,3,2,0,0.0514,Low Risk,Credit_Utilization
CUST0024,47,Retired,Gold,Phoenix,108468,538,0.816190859,2,45776,0.317053186,7,5,1,0.9822,High Risk,Credit_Card_Type_Gold
CUST0025,55,Retired,Standard,Los Angeles,41646,847,0.212566648,5,28018,0.233026817,8,8,0,0.043,Low Risk,Credit_Utilization
CUST0026,19,Employed,Gold,Phoenix,193998,515,0.255552441,5,45776,0.259893133,12,6,0,0.1094,Low Risk,Month_2
CUST0027,38,Retired,Standard,Chicago,89740,789,0.295512924,0,89660,0.278324498,8,8,0,0.0078,Low Risk,Month_5
CUST0028,50,Employed,Business,New York,136790,525,0.915989185,3,43870,0.322971102,3,6,0,0.1271,Low Risk,Credit_Utilization
CUST0029,29,Self-employed,Student,Houston,86726,588,0.59867666,2,45776,0.296942098,16,5,0,0.1561,Low Risk,Month_3
CUST0030,39,Employed,Platinum,Phoenix,88523,523,0.693081595,3,29561,0.417303253,15,2,0,0.2145,Low Risk,Payment_Risk_Score
CUST0031,61,Employed,Student,Houston,72458,374,0.539233509,3,60530,0.384711832,14,7,0,0.01,Low Risk,Month_2
CUST0032,42,Unemployed,Student,New York,60106,385,0.379622558,1,46663,0.280367244,2,4,0,0.166,Low Risk,Month_6
CUST0033,66,Unemployed,Business,Phoenix,106362,806,0.626258257,0,11308,0.43817839,19,5,1,0.9572,High Risk,Month_6
CUST0034,44,Employed,Gold,Houston,99076,440,0.188676806,4,99005,0.487302062,4,8,0,0.011,Low Risk,Credit_Utilization
CUST0035,59,Retired,Platinum,Houston,69693,316,0.28094331,5,60278,0.1,4,5,1,0.971,High Risk,Month_2
CUST0036,45,Unemployed,Gold,Phoenix,137402,464,0.646595036,5,65119,0.393229009,19,6,0,0.1298,Low Risk,Month_2
CUST0037,33,Employed,Student,New York,53756,521,0.228548954,0,36029,0.23070158,14,7,0,0.0036,Low Risk,Credit_Utilization
CUST0038,32,Employed,Standard,Houston,181319,467,0.462183706,6,62010,0.380074802,17,4,0,0.0666,Low Risk,Month_5
CUST0039,64,Employed,Student,Chicago,183152,823,0.471297531,6,87164,0.423823794,14,6,0,0.0363,Low Risk,Month_4
CUST0040,68,Employed,Gold,Phoenix,97750,352,0.394267599,6,91432,0.212300741,1,2,0,0.0782,Low Risk,Missed_Payments
CUST0041,61,Self-employed,Student,Los Angeles,107658,372,0.109776305,4,44454,0.11476729,12,6,0,0.0444,Low Risk,Credit_Utilization
CUST0042,72,Retired,Standard,Los Angeles,81617,359,0.374214222,5,11564,0.383543409,3,6,0,0.0165,Low Risk,Month_5
CUST0043,69,Retired,Business,New York,107658,792,0.335006325,0,11155,0.313540248,9,7,1,0.9779,High Risk,Missed_Payments
CUST0044,74,Employed,Gold,Chicago,66991,601,0.532287973,5,31198,0.133156125,12,6,0,0.0599,Low Risk,Month_5
CUST0045,20,Unemployed,Student,Houston,106267,751,0.522098108,3,86447,0.552956451,9,4,0,0.0793,Low Risk,Month_2
CUST0046,54,Unemployed,Gold,Los Angeles,59238,401,0.575592292,2,45776,0.362441941,8,6,1,0.9888,High Risk,Month_4
CUST0047,68,Employed,Business,New York,153311,326,0.364802745,2,5626,0.367010004,7,8,0,0.0099,Low Risk,Month_2
CUST0048,24,Employed,Student,Chicago,146800,637,0.60455559,5,2687,0.436581775,2,3,0,0.1594,Low Risk,Month_4
CUST0049,38,Retired,Student,Chicago,97750,691,0.188798653,1,63375,0.241917605,15,4,0,0.0011,Low Risk,Credit_Utilization
CUST0050,26,Employed,Gold,New York,118033,469,0.135619053,4,92865,0.313045411,13,8,0,0.0041,Low Risk,Credit_Utilization
CUST0051,56,Employed,Gold,New York,169865,336,0.05,6,92183,0.168067809,8,5,0,0.012,Low Risk,Credit_Utilization
CUST0052,35,Employed,Standard,Houston,109074,383,0.400140552,4,45776,0.239205155,10,7,0,0.0463,Low Risk,Month_2
CUST0053,21,Employed,Business,New York,185806,823,0.349340355,4,45776,0.338566,2,7,0,0.0707,Low Risk,Month_2
CUST0054,42,Employed,Standard,Houston,194819,339,0.657863122,3,29427,0.133471533,4,5,0,0.1144,Low Risk,Month_2
CUST0055,31,Retired,Student,Houston,90353,711,0.370267483,4,69342,0.236371045,9,3,0,0.0626,Low Risk,Age
CUST0056,67,Retired,Gold,Phoenix,198401,715,0.55467527,2,17401,0.207206604,12,4,0,0.1481,Low Risk,Age
CUST0057,26,Employed,Student,Chicago,76629,673,0.662659315,3,35372,0.314209225,3,5,0,0.0285,Low Risk,Month_5
CUST0058,43,Employed,Student,Chicago,107193,843,0.362736185,0,70793,0.357470126,12,9,0,0.1187,Low Risk,Month_2
CUST0059,70,Retired,Platinum,Chicago,81040,401,0.559610442,4,63443,0.37421528,11,10,0,0.0047,Low Risk,Age
CUST0060,19,Employed,Platinum,Phoenix,107658,538,0.70038551,4,37445,0.399881664,4,6,0,0.1517,Low Risk,Month_5
CUST0061,37,Unemployed,Student,Houston,140899,826,0.252367445,0,64950,0.437211685,9,7,1,0.9693,High Risk,Credit_Card_Type_Student
CUST0062,45,Employed,Gold,Houston,184160,475,0.504970468,4,49893,0.360724545,8,7,0,0.0626,Low Risk,Month_2
CUST0063,64,Retired,Student,New York,155507,801,0.363593123,0,81202,0.48873359,19,5,0,0.688,High Risk,Account_Tenure
CUST0064,24,Self-employed,Platinum,Phoenix,109074,739,0.265102024,3,54247,0.311950252,6,10,0,0.0992,Low Risk,Month_2
CUST0065,61,Unemployed,Gold,New York,43251,773,0.192709652,2,86488,0.282667885,1,4,0,0.2278,Low Risk,Credit_Utilization
CUST0066,25,Employed,Student,Phoenix,117634,815,0.261870286,0,95267,0.360730736,6,9,0,0.0148,Low Risk,Age
CUST0067,64,Retired,Business,New York,107658,612,0.512005801,1,99005,0.278358883,7,3,0,0.1069,Low Risk,Month_4
CUST0068,52,Employed,Business,Los Angeles,172164,600,0.177831109,0,7468,0.485256473,6,8,0,0.0353,Low Risk,Month_2
CUST0069,31,Employed,Student,Chicago,107658,796,0.389854595,4,85026,0.413098347,13,9,0,0.0287,Low Risk,Month_6
CUST0070,34,Self-employed,Gold,Chicago,81617,822,0.662638881,6,24917,0.375027814,18,5,0,0.0229,Low Risk,Month_2
CUST0071,53,Employed,Student,Houston,196415,797,0.589802193,6,77348,0.313141934,4,5,1,0.9861,High Risk,Age
CUST0072,67,Unemployed,Student,Los Angeles,159572,371,0.393898475,3,16310,0.259252283,17,4,0,0.0603,Low Risk,Month_4
CUST0073,57,Employed,Platinum,Chicago,136465,567,0.837938083,5,95303,0.3701325,19,6,0,0.036,Low Risk,Month_3
CUST0074,21,Self-employed,Business,Houston,36447,448,0.878607283,3,13355,0.187290255,11,5,0,0.0248,Low Risk,Month_3
CUST0075,19,Employed,Platinum,Los Angeles,159188,835,0.505224486,5,96507,0.453436353,16,2,0,0.0351,Low Risk,Month_4
CUST0076,23,Retired,Platinum,Chicago,181267,542,0.05,6,24851,0.282236329,12,8,0,0.013,Low Risk,Credit_Utilization
CUST0077,71,Employed,Student,New York,107658,611,0.677289639,6,23908,0.330510673,1,8,0,0.0125,Low Risk,Month_2
CUST0078,59,Unemployed,Platinum,Phoenix,59425,577,0.05,0,65548,0.209039892,12,2,0,0.0561,Low Risk,Credit_Utilization
CUST0079,21,Employed,Business,Los Angeles,97844,728,0.795229222,2,82909,0.372298626,6,4,0,0.0607,Low Risk,Month_2
CUST0080,71,Employed,Platinum,Houston,115235,427,0.71671698,1,31454,0.254625839,9,4,0,0.1955,Low Risk,Age
CUST0081,46,Retired,Business,Los Angeles,189358,824,0.854842501,3,4617,0.364922879,5,5,0,0.273,Low Risk,Credit_Utilization
CUST0082,35,Retired,Platinum,Houston,88847,686,0.552053112,4,92329,0.375739347,2,6,0,0.1174,Low Risk,Month_3
CUST0083,43,Unemployed,Business,Los Angeles,172504,835,0.427722847,5,28298,0.235236789,2,8,0,0.0633,Low Risk,Month_2
CUST0084,61,Retired,Platinum,Houston,115235,820,0.409979773,4,10942,0.187647088,17,7,0,0.0657,Low Risk,Month_3
CUST0085,51,Employed,Platinum,Chicago,186230,336,0.390747966,2,51440,0.453189992,10,4,0,0.0776,Low Risk,Month_2
CUST0086,27,Employed,Gold,New York,80215,572,0.696213731,5,12707,0.280770097,19,7,0,0.1345,Low Risk,Month_2
CUST0087,53,Unemployed,Business,Chicago,141131,601,0.642454298,3,92865,0.322484882,4,5,1,0.9712,High Risk,Month_2
CUST0088,31,Retired,Business,New York,188416,680,0.524045127,0,35598,0.348546452,18,4,0,0.0721,Low Risk,Month_5
CUST0089,48,Retired,Business,Chicago,129585,458,0.355563738,4,51431,0.174629987,18,6,0,0.1734,Low Risk,Month_3
CUST0090,65,Employed,Standard,Chicago,127856,361,1.0,2,2200,0.346266614,14,5,0,0.0025,Low Risk,Credit_Utilization
CUST0091,32,Employed,Platinum,Los Angeles,90353,664,0.682474923,3,20525,0.309912654,15,3,0,0.2823,Low Risk,Account_Tenure
CUST0092,25,Employed,Business,Phoenix,18709,444,0.180457616,6,44437,0.23564693,8,5,0,0.0097,Low Risk,Credit_Utilization
CUST0093,31,Retired,Standard,Houston,90353,372,0.396748797,6,59192,0.184346402,3,6,0,0.0022,Low Risk,Month_5
CUST0094,40,Employed,Gold,Houston,107658,439,0.686355219,3,17401,0.360588555,14,4,0,0.0834,Low Risk,Month_3
CUST0095,74,Unemployed,Business,Houston,35056,648,0.340092216,3,67236,0.412771201,11,9,0,0.0154,Low Risk,Month_4
CUST0096,57,Retired,Business,New York,90353,306,0.570309592,3,11251,0.317859052,2,8,0,0.0052,Low Risk,Month_5
CUST0097,38,Self-employed,Standard,Houston,121357,742,0.69015926,5,8110,0.156553466,13,4,0,0.0309,Low Risk,Month_3
CUST0098,33,Unemployed,Platinum,Houston,152326,383,0.05,3,10778,0.194266718,16,5,0,0.0683,Low Risk,Credit_Utilization
CUST0099,62,Employed,Gold,Los Angeles,189197,639,0.47839246,4,50183,0.256787629,18,6,1,0.96,High Risk,Month_4
CUST0100,35,Retired,Business,Chicago,54298,495,0.486241831,2,13355,0.456461974,5,8,0,0.0279,Low Risk,Month_2
CUST0101,64,Employed,Platinum,Houston,106007,820,0.417585509,5,11061,0.275324934,3,7,0,0.112,Low Risk,Month_3
CUST0102,70,Self-employed,Gold,Phoenix,155734,563,0.560339027,3,79354,0.253143108,6,9,0,0.294,Low Risk,Age
CUST0103,41,Retired,Student,Houston,163216,429,0.631503921,1,45776,0.13265152,18,7,1,0.9243,High Risk,Month_2
CUST0104,43,Employed,Student,New York,107658,679,0.528410189,1,60628,0.234331521,16,7,0,0.0669,Low Risk,Month_5
CUST0105,42,Self-employed,Gold,New York,178165,383,0.425234521,2,45776,0.176706365,15,5,0,0.1222,Low Risk,Month_3
CUST0106,62,Retired,Standard,New York,99076,340,0.62652426,6,30443,0.199682017,14,9,0,0.0257,Low Risk,Missed_Payments
CUST0107,58,Employed,Gold,Houston,117023,339,0.509810682,0,42556,0.311995068,7,3,0,0.3259,Low Risk,Credit_Score
CUST0108,46,Self-employed,Gold,Los Angeles,127816,820,0.453859917,0,94000,0.259883579,18,7,0,0.0339,Low Risk,Month_2
CUST0109,32,Employed,Standard,Phoenix,19748,354,0.237544123,6,29584,0.469949445,7,7,0,0.0082,Low Risk,Month_5
CUST0110,62,Employed,Standard,Houston,170026,523,0.187469043,5,64950,0.407800337,17,5,0,0.0162,Low Risk,Credit_Utilization
CUST0111,18,Self-employed,Platinum,Los Angeles,43732,474,0.233754041,5,76774,0.239111606,15,7,0,0.0083,Low Risk,Credit_Utilization
CUST0112,42,Self-employed,Platinum,Los Angeles,16015,332,0.555665812,5,8828,0.208318216,19,6,0,0.107,Low Risk,Month_2
CUST0113,24,Employed,Standard,Houston,153311,475,0.48418425,0,692,0.438264194,18,7,1,0.965,High Risk,Month_5
CUST0114,26,Employed,Student,Houston,107658,725,0.20394318,1,77743,0.466004249,9,3,0,0.0938,Low Risk,Credit_Utilization
CUST0115,41,Self-employed,Student,Los Angeles,138961,826,0.629183565,0,32588,0.1,16,6,0,0.0502,Low Risk,Account_Tenure
CUST0116,18,Retired,Gold,Los Angeles,121884,586,0.774861903,4,45776,0.309285762,12,6,0,0.1972,Low Risk,Month_5
CUST0117,61,Unemployed,Business,Los Angeles,19835,629,0.380301277,3,55980,0.274812169,12,10,1,0.0317,Low Risk,Month_5
CUST0118,25,Employed,Gold,Houston,84724,655,0.151803629,5,22510,0.364912014,6,4,0,0.0949,Low Risk,Credit_Utilization
CUST0119,41,Employed,Gold,Los Angeles,125448,644,0.358174723,1,82909,0.494266812,9,6,1,0.9798,High Risk,Month_1
CUST0120,28,Employed,Business,New York,134156,584,0.670892125,2,30509,0.251594298,1,7,0,0.1612,Low Risk,Month_2
CUST0121,68,Employed,Standard,Houston,190333,526,0.609705972,2,45776,0.1,3,6,0,0.0124,Low Risk,Age
CUST0122,34,Employed,Student,New York,125226,354,0.315513463,3,35598,0.35790077,5,4,0,0.1233,Low Risk,Month_5
CUST0123,25,Employed,Gold,Chicago,80953,623,0.804234428,1,71588,0.438996407,17,6,1,0.9561,High Risk,Credit_Card_Type_Gold
CUST0124,52,Self-employed,Business,Houston,129692,522,0.769656013,0,36955,0.269624022,5,3,0,0.8488,High Risk,Age
CUST0125,52,Employed,Platinum,Chicago,199402,427,0.353398787,0,45776,0.229496252,16,5,1,0.9316,High Risk,Month_5
CUST0126,50,Employed,Gold,Los Angeles,90880,800,0.351341999,4,89537,0.256274059,13,4,1,0.9665,High Risk,Month_3
CUST0127,22,Employed,Student,Los Angeles,118081,623,0.381434413,4,16034,0.385020537,10,5,0,0.4062,Medium Risk,Month_4
CUST0128,59,Unemployed,Standard,Phoenix,115497,693,0.398533445,0,89537,0.254553906,18,7,0,0.0975,Low Risk,Month_4
CUST0129,56,Retired,Gold,Los Angeles,199402,777,0.690107602,2,96507,0.33287603,1,9,1,0.9816,High Risk,Age
CUST0130,58,Self-employed,Gold,Chicago,166836,781,0.585065812,5,76445,0.302780292,2,7,0,0.1645,Low Risk,Month_3
CUST0131,45,Employed,Business,Los Angeles,187627,766,0.675415754,2,20052,0.292462039,10,3,0,0.0743,Low Risk,Month_5
CUST0132,24,Employed,Platinum,Houston,73141,717,0.634713029,4,36913,0.370129233,5,7,0,0.0688,Low Risk,Month_5
CUST0133,26,Retired,Platinum,Los Angeles,180983,427,0.842905414,3,77209,0.25214201,13,9,0,0.0326,Low Risk,Month_5
CUST0134,25,Self-employed,Standard,Phoenix,168772,388,0.288122891,0,94363,0.256941344,18,8,1,0.132,Low Risk,Month_5
CUST0135,29,Employed,Student,Los Angeles,16252,441,0.576071706,4,96056,0.379760285,15,5,0,0.0206,Low Risk,Month_5
CUST0136,51,Employed,Standard,Chicago,118333,346,0.065235749,4,20081,0.201307468,6,7,0,0.0048,Low Risk,Credit_Utilization
CUST0137,50,Unemployed,Gold,Chicago,192247,387,0.236608885,5,28730,0.211977981,7,6,0,0.0297,Low Risk,Credit_Utilization
CUST0138,65,Employed,Gold,Los Angeles,199294,505,0.485029323,0,85107,0.173968571,18,6,0,0.109,Low Risk,Month_3
CUST0139,72,Unemployed,Platinum,Chicago,138961,402,0.583641323,5,42556,0.384901091,19,4,1,0.9536,High Risk,Employment_Status_Unemployed
CUST0140,40,Employed,Student,Chicago,129548,794,0.479636852,0,16693,0.289476303,15,2,0,0.228,Low Risk,Account_Tenure
CUST0141,41,Self-employed,Business,Phoenix,58088,567,0.386561516,5,10951,0.168638485,6,5,0,0.0252,Low Risk,Month_3
CUST0142,54,Employed,Student,Houston,30485,617,0.422116425,2,76861,0.385380856,8,7,0,0.0463,Low Risk,Month_5
CUST0143,52,Unemployed,Gold,Phoenix,178165,823,0.773888195,3,19977,0.244445784,12,4,0,0.1201,Low Risk,Month_4
CUST0144,61,Unemployed,Business,New York,77292,414,0.423193564,3,60348,0.212832192,0,3,1,0.9745,High Risk,Employment_Status_Unemployed
CUST0145,57,Unemployed,Student,Phoenix,107658,694,0.849848324,0,3494,0.280432144,7,5,0,0.0539,Low Risk,Month_2
CUST0146,39,Retired,Student,Los Angeles,41790,681,0.658803415,1,17913,0.447872361,3,7,0,0.3318,Low Risk,Month_6
CUST0147,44,Employed,Business,Houston,31364,757,0.591507469,6,10942,0.26050378,2,5,0,0.063,Low Risk,Month_4
CUST0148,52,Self-employed,Gold,Los Angeles,129692,826,0.261280618,4,5539,0.357533886,2,8,1,0.9547,High Risk,Age
CUST0149,18,Employed,Student,New York,15404,588,0.687047632,4,91432,0.372708002,12,1,0,0.1173,Low Risk,Income
CUST0150,52,Employed,Business,Houston,32955,302,0.401245884,0,19796,0.34432733,7,3,0,0.1423,Low Risk,Income
CUST0151,54,Employed,Gold,Chicago,53513,328,0.261112048,5,95276,0.427107165,6,7,0,0.1875,Low Risk,Income
CUST0152,64,Unemployed,Business,Phoenix,189197,524,0.602568723,1,6118,0.2292884,0,4,1,0.0412,Low Risk,Month_2
CUST0153,31,Unemployed,Business,Los Angeles,97986,326,0.222410788,2,34897,0.195666516,15,7,0,0.0016,Low Risk,Credit_Utilization
CUST0154,20,Unemployed,Student,New York,107658,718,0.347551708,5,39006,0.193703334,5,8,0,0.007,Low Risk,Age
CUST0155,18,Employed,Gold,Chicago,116570,823,0.497976818,5,36342,0.285553158,6,9,0,0.1025,Low Risk,Month_2
CUST0156,22,Employed,Student,Phoenix,119185,711,0.943684285,0,44454,0.205295334,11,8,0,0.0174,Low Risk,Age
CUST0157,43,Employed,Standard,Chicago,136465,823,0.362616849,0,92381,0.314754091,8,6,0,0.8348,High Risk,Month_6
CUST0158,72,Retired,Standard,Phoenix,21801,805,0.408356696,4,95267,0.307698842,10,6,1,0.9423,High Risk,Month_1
CUST0159,31,Self-employed,Gold,Houston,15404,316,0.646469011,0,71791,0.40185733,9,3,0,0.0297,Low Risk,Month_5
CUST0160,56,Employed,Business,Chicago,54081,566,0.252340862,0,43927,0.329114431,0,4,0,0.1713,Low Risk,Month_3
CUST0161,44,Employed,Student,Chicago,74494,319,0.588561276,0,48397,0.258384814,17,4,0,0.031,Low Risk,Account_Tenure
CUST0162,26,Retired,Student,Chicago,89740,385,0.741185362,4,96485,0.34108492,3,7,0,0.0071,Low Risk,Age
CUST0163,32,Retired,Gold,Houston,116570,402,0.438581023,2,26000,0.196980598,4,7,0,0.104,Low Risk,Month_2
CUST0164,32,Retired,Gold,New York,117795,670,0.705230856,2,14417,0.296185931,8,6,1,0.9664,High Risk,Month_2
CUST0165,43,Unemployed,Standard,Phoenix,97844,391,0.558289985,6,45776,0.331940123,16,9,0,0.0083,Low Risk,Month_5
CUST0166,59,Self-employed,Platinum,Chicago,100999,457,0.353863607,6,50989,0.31293176,2,8,0,0.0378,Low Risk,Month_2
CUST0167,30,Employed,Gold,Houston,21970,328,0.460439063,0,85107,0.341506509,15,5,0,0.0402,Low Risk,Month_3
CUST0168,68,Employed,Platinum,New York,185883,604,0.424048532,6,13761,0.235595398,4,6,0,0.0564,Low Risk,Age
CUST0169,49,Retired,Gold,Phoenix,53513,339,0.482472348,4,26549,0.41520314,15,6,0,0.0156,Low Risk,Month_5
CUST0170,56,Employed,Business,Houston,150230,766,0.53054358,2,5539,0.482216895,2,3,0,0.0604,Low Risk,Month_2
CUST0171,66,Self-employed,Business,Phoenix,38959,310,0.617639987,5,67460,0.139732386,19,7,1,0.9664,High Risk,Month_4
CUST0172,69,Self-employed,Standard,Chicago,172504,677,0.60173365,2,98999,0.1784402,14,5,0,0.0817,Low Risk,Month_4
CUST0173,49,Employed,Standard,New York,101188,818,0.05,2,74403,0.304308301,2,3,0,0.1803,Low Risk,Credit_Utilization
CUST0174,21,Employed,Platinum,Houston,47217,383,0.480538362,4,31316,0.274344902,19,7,1,0.9592,High Risk,Month_5
CUST0175,47,Employed,Gold,New York,72458,407,0.198115617,6,37445,0.489641241,13,8,0,0.0068,Low Risk,Credit_Utilization
CUST0176,54,Self-employed,Student,Chicago,76476,788,0.44485455,5,69963,0.321978432,15,8,0,0.0403,Low Risk,Account_Tenure
CUST0177,40,Self-employed,Standard,New York,159356,339,0.475242082,4,68636,0.439254525,16,6,0,0.035,Low Risk,Month_5
CUST0178,56,Self-employed,Student,New York,165580,447,0.695229672,0,45776,0.1,19,4,0,0.1921,Low Risk,Account_Tenure
CUST0179,62,Employed,Student,Los Angeles,108610,446,0.493976907,3,11061,0.381416948,17,7,0,0.0284,Low Risk,Month_6
CUST0180,32,Retired,Gold,New York,182280,467,0.551843604,2,74433,0.228448318,17,7,0,0.0721,Low Risk,Month_5
CUST0181,60,Retired,Platinum,Phoenix,127816,638,0.658611276,3,50183,0.226845743,13,6,0,0.0316,Low Risk,Month_2
CUST0182,46,Employed,Gold,Houston,149415,605,0.745550452,4,30549,0.275164197,17,6,0,0.8202,High Risk,Month_5
CUST0183,53,Retired,Standard,Los Angeles,120616,469,0.475397215,4,69666,0.157541636,14,8,0,0.0919,Low Risk,Account_Tenure
CUST0184,30,Unemployed,Student,Houston,199943,429,0.518835888,4,10951,0.344278553,14,8,0,0.0799,Low Risk,Month_6
CUST0185,49,Employed,Gold,Houston,178551,811,0.50200466,3,47721,0.319071497,5,5,0,0.2671,Low Risk,Month_4
CUST0186,24,Self-employed,Gold,Chicago,68932,792,0.391480207,4,84521,0.326619225,14,4,0,0.1148,Low Risk,Month_3
CUST0187,68,Retired,Gold,Chicago,23702,401,0.346176955,0,31198,0.388703102,17,4,0,0.0088,Low Risk,Month_3
CUST0188,39,Employed,Standard,Los Angeles,107658,826,0.05,4,7796,0.451478205,3,4,1,0.9853,High Risk,Credit_Score
CUST0189,45,Retired,Platinum,Chicago,67528,526,0.284667813,1,64950,0.263628895,7,4,0,0.2782,Low Risk,Month_5
CUST0190,19,Employed,Gold,Chicago,162851,523,0.144273833,6,44437,0.347735064,14,4,0,0.007,Low Risk,Credit_Utilization
CUST0191,59,Self-employed,Standard,Chicago,183513,800,0.751039697,3,49016,0.329298821,2,5,1,0.974,High Risk,Month_6
CUST0192,62,Employed,Student,Houston,42192,301,0.537683202,1,45776,0.337761451,14,8,0,0.0347,Low Risk,Month_2
CUST0193,74,Self-employed,Business,Los Angeles,32019,475,0.474812205,4,22835,0.339259766,12,4,0,0.8026,High Risk,Month_5
CUST0194,70,Employed,Standard,Houston,67638,612,0.356502963,0,34897,0.459050334,8,11,0,0.0767,Low Risk,Age
CUST0195,23,Employed,Business,Phoenix,198401,820,0.505955853,2,42556,0.254032313,1,8,1,0.935,High Risk,Month_2
CUST0196,45,Retired,Gold,Houston,153429,836,0.330404024,5,45776,0.14742641,7,7,0,0.0598,Low Risk,Month_3
CUST0197,45,Retired,Gold,Phoenix,141020,670,0.534803711,6,39259,0.230212623,19,6,0,0.1215,Low Risk,Missed_Payments
CUST0198,61,Unemployed,Standard,New York,59238,847,0.549146797,5,22835,0.375726693,16,4,1,0.0325,Low Risk,Month_2
CUST0199,61,Employed,Business,New York,88847,751,0.32772326,4,72809,0.302332951,12,8,0,0.0302,Low Risk,Month_5
CUST0200,37,Retired,Gold,Phoenix,69098,648,0.323907607,6,85014,0.253240066,0,5,0,0.0221,Low Risk,Missed_Payments
CUST0201,47,Employed,Student,Phoenix,62295,383,0.692439871,6,49016,0.192350273,1,5,0,0.3066,Low Risk,Month_5
CUST0202,28,Employed,Platinum,Houston,164143,310,0.489428009,0,95376,0.322128612,14,10,0,0.0581,Low Risk,Month_2
CUST0203,72,Employed,Platinum,Phoenix,143778,352,0.343795914,6,10778,0.364450628,11,7,0,0.0329,Low Risk,Missed_Payments
CUST0204,45,Employed,Gold,Los Angeles,154487,725,0.42589874,3,95930,0.330587206,13,10,0,0.226,Low Risk,Month_5
CUST0205,42,Unemployed,Business,New York,107658,836,0.297881183,1,27697,0.274666967,1,5,0,0.109,Low Risk,Month_2
CUST0206,56,Retired,Gold,New York,166456,522,0.486563284,1,33772,0.314664128,17,5,1,0.971,High Risk,Month_3
CUST0207,50,Employed,Business,Phoenix,36447,610,0.666325662,1,42637,0.314084297,6,7,0,0.0851,Low Risk,Month_2
CUST0208,18,Self-employed,Student,Chicago,165159,679,0.494465866,3,3081,0.318969693,5,5,0,0.0979,Low Risk,Month_2
CUST0209,74,Employed,Business,Chicago,107658,709,0.972726689,5,45776,0.181569505,13,6,0,0.0092,Low Risk,Credit_Utilization
CUST0210,44,Employed,Gold,Phoenix,40934,566,0.584271914,0,8828,0.319732635,7,6,0,0.4527,Medium Risk,Month_5
CUST0211,74,Employed,Student,Los Angeles,58088,701,0.54599089,6,1217,0.255940353,1,5,0,0.0227,Low Risk,Age
CUST0212,69,Retired,Standard,Chicago,149415,618,0.318339574,3,83604,0.404061861,16,6,0,0.0078,Low Risk,Month_3
CUST0213,30,Self-employed,Platinum,Phoenix,84836,776,0.452293311,1,82909,0.313291864,4,4,0,0.0385,Low Risk,Month_5
CUST0214,58,Unemployed,Gold,Los Angeles,97986,792,0.344197231,4,13761,0.383547922,13,6,0,0.1735,Low Risk,Month_6
CUST0215,20,Unemployed,Gold,Los Angeles,166836,600,0.066870954,2,47695,0.269821861,19,3,0,0.0124,Low Risk,Month_2
CUST0216,56,Self-employed,Gold,Houston,191517,781,0.694852444,6,11564,0.273428616,2,4,0,0.0538,Low Risk,Missed_Payments
CUST0217,23,Employed,Student,Los Angeles,38289,682,0.397709889,3,43870,0.449425125,4,8,0,0.0286,Low Risk,Month_2
CUST0218,25,Retired,Standard,Chicago,115497,617,0.347919985,3,92149,0.343633519,15,6,0,0.0804,Low Risk,Month_5
CUST0219,44,Employed,Business,Chicago,72108,339,0.542114007,0,23748,0.228548547,17,5,0,0.242,Low Risk,Month_4
CUST0220,26,Self-employed,Standard,Phoenix,54298,836,0.60249991,0,15424,0.389697444,16,9,0,0.0232,Low Risk,Month_5
CUST0221,54,Employed,Student,Phoenix,187312,825,0.435845033,3,21613,0.246669527,10,7,0,0.1719,Low Risk,Month_2
CUST0222,50,Employed,Gold,Los Angeles,146456,768,0.499479666,1,41743,0.322569814,16,7,1,0.9674,High Risk,Age
CUST0223,68,Unemployed,Platinum,New York,52131,565,0.649237481,2,24851,0.483667463,15,5,0,0.1876,Low Risk,Age
CUST0224,59,Self-employed,Gold,Houston,88963,572,0.427961281,6,41958,0.156871761,1,5,0,0.178,Low Risk,Missed_Payments
CUST0225,61,Unemployed,Business,New York,107658,535,0.560466748,0,98062,0.282421808,3,5,0,0.787,High Risk,Month_6
CUST0226,41,Employed,Platinum,Los Angeles,180983,776,0.168151076,6,14756,0.340827164,6,5,0,0.1304,Low Risk,Credit_Utilization
CUST0227,32,Unemployed,Gold,Los Angeles,20569,823,0.2517362,1,11061,0.376469833,1,8,0,0.1525,Low Risk,Income
CUST0228,71,Self-employed,Platinum,New York,150683,820,0.621107956,6,11308,0.175876609,5,9,0,0.0817,Low Risk,Age
CUST0229,49,Employed,Standard,Houston,107658,753,0.241288272,4,62010,0.146420973,16,7,0,0.0431,Low Risk,Month_5
CUST0230,49,Employed,Student,New York,191615,659,0.546827509,0,73327,0.409074935,6,7,1,0.9797,High Risk,Month_2
CUST0231,41,Self-employed,Gold,Phoenix,165580,629,0.470600244,1,96167,0.227958514,4,5,0,0.2726,Low Risk,Month_3
CUST0232,58,Employed,Business,Chicago,70284,696,0.427106547,1,2882,0.223771749,4,3,1,0.9894,High Risk,Credit_Utilization
CUST0233,69,Retired,Standard,Phoenix,127816,781,0.334307446,2,32588,0.455024967,19,7,0,0.0553,Low Risk,Month_5
CUST0234,66,Self-employed,Gold,Chicago,85390,617,0.681868004,2,11061,0.306970231,15,7,0,0.035,Low Risk,Month_5
CUST0235,66,Employed,Standard,Los Angeles,74101,561,0.845978231,4,42715,0.307623823,18,11,0,0.0079,Low Risk,Age
CUST0236,69,Retired,Business,Houston,127816,345,0.560038433,1,2926,0.282020055,8,7,0,0.0839,Low Risk,Age
CUST0237,29,Self-employed,Gold,New York,178273,363,0.564498143,5,98999,0.177601793,4,8,0,0.0094,Low Risk,Age
CUST0238,56,Employed,Business,Houston,61540,731,0.363533874,1,75777,0.367569695,7,4,1,0.9681,High Risk,Age
CUST0239,19,Employed,Platinum,New York,170576,729,0.260780554,2,29561,0.340945052,8,6,0,0.1716,Low Risk,Month_5
CUST0240,20,Employed,Business,Phoenix,191615,332,0.492052219,5,44439,0.316869133,4,3,0,0.0543,Low Risk,Month_3
CUST0241,66,Unemployed,Platinum,Phoenix,138961,563,0.30525007,0,33772,0.288367696,9,8,0,0.9022,High Risk,Month_3
CUST0242,54,Retired,Gold,New York,114657,522,0.145477974,0,31481,0.270768035,1,7,0,0.0268,Low Risk,Credit_Utilization
CUST0243,66,Employed,Platinum,Houston,76813,749,0.660689162,6,29584,0.391248339,8,3,0,0.0385,Low Risk,Age
CUST0244,73,Employed,Gold,New York,48307,319,0.670433358,3,45776,0.285870694,10,6,0,0.0449,Low Risk,Month_5
CUST0245,34,Unemployed,Gold,Los Angeles,193677,380,0.328232245,2,83604,0.293593896,3,7,0,0.0358,Low Risk,Age
CUST0246,66,Employed,Student,Phoenix,186334,521,0.548792864,3,20052,0.352989315,1,8,0,0.0492,Low Risk,Age
CUST0247,19,Employed,Gold,Los Angeles,74163,623,0.700390454,5,15424,0.320796093,5,7,0,0.719,High Risk,Month_3
CUST0248,19,Self-employed,Platinum,Phoenix,102235,412,0.541005337,2,26649,0.464227606,13,2,1,0.9823,High Risk,Month_5
CUST0249,45,Employed,Student,Phoenix,27763,655,0.261369071,4,52425,0.123863322,0,5,0,0.0246,Low Risk,Income
CUST0250,71,Retired,Student,Chicago,39285,818,0.453421317,1,99620,0.329990744,17,6,0,0.0279,Low Risk,Month_3
CUST0251,40,Employed,Gold,Los Angeles,66991,337,0.765361884,4,23431,0.229439422,6,8,0,0.0607,Low Risk,Month_2
CUST0252,54,Employed,Business,Los Angeles,185883,663,0.549405329,5,95074,0.205791347,0,6,1,0.9769,High Risk,Age
CUST0253,49,Self-employed,Business,Chicago,119185,635,0.607826421,2,31674,0.254293579,0,8,0,0.1489,Low Risk,Month_2
CUST0254,50,Employed,Student,Houston,98042,847,0.568325844,5,90739,0.305467941,0,7,1,0.9828,High Risk,Age
CUST0255,18,Unemployed,Gold,Los Angeles,116042,544,0.328897728,1,30509,0.309906908,3,7,0,0.5293,Medium Risk,Month_5
CUST0256,36,Self-employed,Business,New York,95219,535,0.375830956,0,41594,0.148269378,3,5,0,0.0147,Low Risk,Month_2
CUST0257,19,Unemployed,Gold,Chicago,155734,524,0.567773031,0,3142,0.245891617,17,3,0,0.8673,High Risk,Month_6
CUST0258,70,Self-employed,Gold,Los Angeles,116042,608,0.663374356,5,63443,0.328122155,10,6,1,0.9533,High Risk,Month_6
CUST0259,61,Employed,Student,Houston,109456,354,0.71998099,3,8526,0.212306955,0,7,0,0.1603,Low Risk,Month_2
CUST0260,43,Unemployed,Student,Los Angeles,70284,405,0.328378891,2,10778,0.18852161,9,7,0,0.0968,Low Risk,Month_3
CUST0261,49,Unemployed,Standard,Phoenix,61540,777,0.586624107,2,15171,0.1,8,4,0,0.4955,Medium Risk,Month_2
CUST0262,23,Unemployed,Business,New York,93752,350,0.737408822,0,11942,0.233680655,3,6,0,0.0166,Low Risk,Month_5
CUST0263,49,Self-employed,Business,Chicago,42350,341,0.302583646,6,83022,0.18503708,5,10,0,0.0643,Low Risk,Month_5
CUST0264,72,Employed,Business,Phoenix,97750,414,0.797349427,4,72332,0.201606712,15,8,0,0.0088,Low Risk,Age
CUST0265,21,Employed,Platinum,Houston,142016,445,0.827788165,6,65548,0.27281797,1,5,1,0.9356,High Risk,Missed_Payments
CUST0266,72,Unemployed,Gold,Phoenix,16062,584,1.0,1,92285,0.240017112,17,8,0,0.0239,Low Risk,Age
CUST0267,28,Retired,Student,Phoenix,75692,534,0.546186688,4,48397,0.183376211,9,9,0,0.0521,Low Risk,Age
CUST0268,73,Employed,Business,Houston,158087,669,0.547284935,4,68998,0.1,16,7,0,0.063,Low Risk,Month_3
CUST0269,34,Retired,Standard,Phoenix,53765,736,0.665398878,5,52413,0.330231131,12,7,0,0.01,Low Risk,Month_5
CUST0270,55,Employed,Business,Chicago,198062,766,0.659560535,0,50989,0.375282721,17,8,0,0.0433,Low Risk,Month_2
CUST0271,41,Employed,Gold,Los Angeles,38049,648,0.725273372,6,44016,0.260325502,12,8,0,0.0684,Low Risk,Month_5
CUST0272,22,Unemployed,Gold,Phoenix,166222,762,0.656806636,6,29416,0.27342243,16,8,0,0.0293,Low Risk,Month_2
CUST0273,69,Unemployed,Student,Chicago,107658,423,0.478787618,0,45776,0.300281052,4,10,1,0.9716,High Risk,Employment_Status_Unemployed
CUST0274,51,Self-employed,Platinum,Los Angeles,193031,670,0.744399424,6,80150,0.457878358,10,7,1,0.9751,High Risk,Age
CUST0275,23,Employed,Student,Los Angeles,189358,823,0.28574917,0,2687,0.143229221,6,4,0,0.1575,Low Risk,Age
CUST0276,39,Employed,Business,Phoenix,101188,694,0.501170467,5,23685,0.258551027,9,5,1,0.9597,High Risk,Month_6
CUST0277,28,Unemployed,Standard,Chicago,107658,421,0.812747123,3,77719,0.127802704,16,7,0,0.0218,Low Risk,Month_2
CUST0278,65,Employed,Student,Phoenix,54749,407,0.2499507,4,44439,0.336231846,14,5,0,0.0054,Low Risk,Month_2
CUST0279,33,Unemployed,Platinum,Houston,107658,418,0.364504869,5,37905,0.285604161,17,7,0,0.0409,Low Risk,Month_5
CUST0280,50,Employed,Student,Los Angeles,65990,622,0.634349458,2,99005,0.320299211,18,11,0,0.0631,Low Risk,Account_Tenure
CUST0281,26,Employed,Gold,Phoenix,42350,825,0.578782395,1,46813,0.315312256,1,8,0,0.0169,Low Risk,Month_5
CUST0282,23,Unemployed,Business,Los Angeles,42350,823,0.324994918,3,45776,0.399070825,3,8,1,0.0564,Low Risk,Month_2
CUST0283,33,Employed,Business,Chicago,116570,452,0.416761199,2,50989,0.353813296,2,7,0,0.0671,Low Risk,Month_3
CUST0284,46,Employed,Business,New York,159572,724,0.263843587,4,74433,0.383050796,6,3,1,0.9848,High Risk,Month_1
CUST0285,20,Retired,Business,Phoenix,116570,739,0.696097,6,52331,0.193446531,17,6,0,0.0488,Low Risk,Missed_Payments
CUST0286,37,Employed,Business,Phoenix,190333,700,0.448823728,0,41958,0.419317086,9,4,0,0.1879,Low Risk,Month_2
CUST0287,53,Employed,Business,Los Angeles,32955,482,0.858431182,4,45089,0.227763726,6,9,1,0.9428,High Risk,Age
CUST0288,36,Employed,Standard,Chicago,141131,385,0.516220049,5,63375,0.233513046,7,3,0,0.0862,Low Risk,Month_2
CUST0289,43,Retired,Platinum,Houston,68682,579,0.456051939,1,86965,0.327084258,5,6,0,0.1421,Low Risk,Month_6
CUST0290,20,Self-employed,Business,Chicago,16062,658,0.436635648,5,67673,0.330191826,0,4,0,0.0923,Low Risk,Income
CUST0291,36,Employed,Platinum,Phoenix,107658,836,0.451160033,3,70406,0.19281432,3,6,0,0.0817,Low Risk,Debt_to_Income_Ratio
CUST0292,37,Retired,Business,Houston,155734,315,0.522164219,3,84521,0.282672071,13,9,0,0.0052,Low Risk,Month_5
CUST0293,49,Employed,Student,Chicago,38061,316,1.0,1,95267,0.448823532,16,8,0,0.0167,Low Risk,Month_5
CUST0294,24,Employed,Business,New York,107658,436,0.432228066,2,45595,0.153166344,19,6,0,0.2375,Low Risk,Debt_to_Income_Ratio
CUST0295,69,Employed,Gold,Los Angeles,43251,515,0.438729308,2,52331,0.448521924,17,6,1,0.0522,Low Risk,Month_2
CUST0296,58,Employed,Standard,Chicago,90353,658,0.513118769,3,82714,0.275830155,10,10,0,0.0683,Low Risk,Month_2
CUST0297,50,Self-employed,Student,Chicago,81234,310,0.718054901,3,79552,0.1,13,2,0,0.0206,Low Risk,Month_5
CUST0298,57,Unemployed,Student,New York,19835,793,0.215803088,6,41653,0.163326827,8,6,0,0.0386,Low Risk,Credit_Utilization
CUST0299,56,Retired,Gold,Phoenix,107658,673,0.591018547,0,89660,0.203652246,14,6,1,0.9745,High Risk,Age
CUST0300,35,Employed,Business,Los Angeles,107658,321,0.336514965,6,62342,0.23760707,11,7,0,0.057,Low Risk,Missed_Payments
CUST0301,57,Employed,Standard,Chicago,159188,415,0.610654538,6,52259,0.289528674,9,7,0,0.208,Low Risk,Missed_Payments
CUST0302,18,Self-employed,Student,Houston,70479,834,0.401248012,2,82789,0.1,18,8,0,0.0037,Low Risk,Month_5
CUST0303,28,Employed,Standard,Chicago,119573,700,0.05,1,52217,0.318680439,18,8,0,0.0216,Low Risk,Credit_Utilization
CUST0304,45,Employed,Student,Los Angeles,81234,584,0.573915521,2,9859,0.194490949,5,9,0,0.045,Low Risk,Month_5
CUST0305,74,Employed,Business,Chicago,149415,591,0.572228954,0,52217,0.439052257,19,4,0,0.0072,Low Risk,Month_2
CUST0306,42,Employed,Student,New York,136465,595,0.384183938,5,75316,0.272982328,5,5,0,0.4081,Medium Risk,Month_5
CUST0307,67,Self-employed,Student,Chicago,53494,591,0.372331228,3,12176,0.394284617,7,4,0,0.158,Low Risk,Month_4
CUST0308,40,Retired,Platinum,Chicago,107658,307,0.237725455,3,71588,0.411034898,0,9,0,0.0347,Low Risk,Month_5
CUST0309,48,Retired,Business,Houston,70479,385,0.654619988,0,99005,0.408327324,16,5,1,0.9573,High Risk,Month_6
CUST0310,47,Employed,Gold,New York,90697,682,0.676443156,6,46720,0.243359326,16,7,1,0.9441,High Risk,Month_2
CUST0311,59,Employed,Gold,New York,19835,374,0.324189823,1,82909,0.242079984,14,5,0,0.1149,Low Risk,Month_4
CUST0312,52,Employed,Business,Chicago,176426,320,0.392013108,3,31674,0.27750267,6,10,1,0.9411,High Risk,Age
CUST0313,24,Unemployed,Gold,Houston,194208,321,0.487342176,4,62253,0.363623738,18,4,0,0.4694,Medium Risk,Credit_Score
CUST0314,33,Retired,Business,Chicago,181267,494,0.954173056,6,15938,0.248930473,2,4,0,0.0105,Low Risk,Credit_Utilization
CUST0315,43,Employed,Gold,Chicago,77292,316,0.60902435,3,612,0.288073753,10,8,0,0.3673,Low Risk,Month_3
CUST0316,65,Unemployed,Platinum,Los Angeles,32019,419,0.311316897,4,13355,0.327359382,19,2,0,0.0758,Low Risk,Payment_Risk_Score
CUST0317,74,Employed,Gold,Los Angeles,102235,557,0.560756062,0,10778,0.209510807,18,5,0,0.1364,Low Risk,Month_4
CUST0318,69,Self-employed,Student,Houston,120891,749,0.224661692,0,66118,0.203189171,8,4,1,0.9717,High Risk,Credit_Utilization
CUST0319,66,Retired,Business,Phoenix,33017,625,0.643598062,6,30443,0.284173612,9,7,0,0.0375,Low Risk,Age
CUST0320,19,Employed,Standard,Los Angeles,53765,446,0.835109479,3,86846,0.297417881,1,5,1,0.0142,Low Risk,Age
CUST0321,18,Unemployed,Standard,Phoenix,53513,391,0.835958337,2,82382,0.343388548,0,8,0,0.0143,Low Risk,Month_5
CUST0322,65,Retired,Business,New York,184160,316,0.646978701,4,95303,0.367188657,15,3,0,0.3863,Low Risk,Payment_Risk_Score
CUST0323,29,Employed,Platinum,Los Angeles,70393,715,0.383317529,1,87110,0.190093718,17,8,0,0.0015,Low Risk,Month_5
CUST0324,22,Self-employed,Gold,Los Angeles,193352,471,0.239819649,3,80430,0.218791507,16,2,0,0.0237,Low Risk,Month_5
CUST0325,54,Unemployed,Platinum,Houston,137402,358,0.219958991,1,32615,0.202924771,5,6,0,0.0389,Low Risk,Credit_Utilization
CUST0326,49,Employed,Standard,Phoenix,18709,534,0.05,3,62561,0.44124474,13,8,0,0.0076,Low Risk,Credit_Utilization
CUST0327,72,Employed,Business,Los Angeles,153311,696,0.638771153,2,3081,0.287972941,14,7,0,0.0864,Low Risk,Age
CUST0328,26,Employed,Business,Los Angeles,106267,471,0.479432896,2,43927,0.30161293,13,11,0,0.0401,Low Risk,Month_2
CUST0329,58,Unemployed,Platinum,Houston,179506,461,0.681843233,6,32615,0.305777436,2,6,0,0.0278,Low Risk,Month_2
CUST0330,52,Unemployed,Platinum,Houston,26174,556,0.785606297,6,92183,0.228432999,18,2,0,0.0633,Low Risk,Missed_Payments
CUST0331,36,Employed,Gold,Phoenix,43251,644,0.519981109,2,39259,0.456426952,11,7,0,0.02,Low Risk,Month_2
CUST0332,65,Employed,Student,New York,81234,326,0.529192322,5,17023,0.341102665,1,5,0,0.0912,Low Risk,Month_5
CUST0333,33,Employed,Student,New York,85640,522,0.407135931,2,80150,0.303959053,2,7,0,0.024,Low Risk,Age
CUST0334,20,Employed,Gold,Chicago,67638,498,0.430783117,0,27446,0.189474358,17,5,0,0.5757,Medium Risk,Debt_to_Income_Ratio
CUST0335,37,Employed,Student,Los Angeles,81234,339,0.645693982,0,91557,0.183806751,0,4,1,0.1191,Low Risk,Month_5
CUST0336,41,Retired,Standard,Phoenix,159356,658,0.465124994,5,44449,0.269109247,19,10,0,0.0644,Low Risk,Month_2
CUST0337,71,Employed,Student,Los Angeles,150230,627,0.436198467,4,31316,0.230000821,5,2,1,0.9822,High Risk,Credit_Utilization
CUST0338,73,Self-employed,Gold,Phoenix,120570,820,0.496336628,1,61186,0.193255565,4,6,0,0.0415,Low Risk,Month_2
CUST0339,50,Unemployed,Student,Phoenix,117795,591,0.677266039,3,51016,0.262904198,0,9,1,0.9598,High Risk,Age
CUST0340,41,Self-employed,Business,Phoenix,62295,715,0.361467688,3,86488,0.278357197,18,7,1,0.1584,Low Risk,Month_4
CUST0341,69,Retired,Platinum,Los Angeles,70479,361,0.486694296,5,11308,0.314178542,0,7,0,0.0298,Low Risk,Age
CUST0342,28,Retired,Standard,Houston,166836,495,0.549055568,0,62253,0.249608053,15,8,0,0.0661,Low Risk,Month_2
CUST0343,66,Employed,Business,Los Angeles,18267,541,0.732044381,6,45776,0.199239931,11,6,0,0.0686,Low Risk,Income
CUST0344,25,Employed,Business,Phoenix,118333,486,0.452140645,3,72809,0.202707911,7,3,0,0.0683,Low Risk,Month_5
CUST0345,53,Employed,Gold,Chicago,119573,465,0.356435323,0,89660,0.421297273,15,3,0,0.0909,Low Risk,Month_2
CUST0346,55,Employed,Platinum,New York,136790,655,0.403127811,4,42551,0.174824231,0,5,0,0.1147,Low Risk,Month_5
CUST0347,57,Employed,Platinum,Phoenix,117023,700,0.710611487,1,89537,0.33631823,3,9,0,0.0453,Low Risk,Month_5
CUST0348,37,Retired,Standard,Chicago,112007,416,0.90666106,4,56061,0.351954633,9,3,0,0.1495,Low Risk,Credit_Utilization
CUST0349,52,Self-employed,Gold,Houston,99665,789,0.237248437,5,76567,0.287872452,10,6,0,0.0534,Low Risk,Credit_Utilization
CUST0350,65,Self-employed,Standard,Phoenix,38289,493,0.280939677,2,79013,0.476782906,16,5,0,0.0253,Low Risk,Month_2
CUST0351,42,Self-employed,Student,Chicago,167424,341,0.466240643,2,52259,0.350171899,6,6,1,0.9695,High Risk,Month_6
CUST0352,52,Self-employed,Business,Phoenix,98613,820,0.522191219,2,2200,0.484290305,11,8,0,0.2054,Low Risk,Month_6
CUST0353,42,Employed,Standard,Los Angeles,176426,736,0.657393913,4,47695,0.2348936,6,8,0,0.1831,Low Risk,Month_2
CUST0354,46,Self-employed,Business,Chicago,33017,622,0.321773398,3,86828,0.236605459,11,7,0,0.0522,Low Risk,Month_2
CUST0355,35,Employed,Gold,Los Angeles,52744,700,0.287378193,1,24623,0.352753716,14,5,0,0.1012,Low Risk,Month_3
CUST0356,63,Employed,Student,Los Angeles,149415,385,0.527617431,2,4265,0.273853436,1,6,1,0.0955,Low Risk,Month_5
CUST0357,35,Self-employed,Gold,Chicago,32955,359,0.448319856,5,77348,0.468566542,13,7,1,0.034,Low Risk,Month_3
CUST0358,19,Employed,Student,New York,36677,611,0.6853442,5,11251,0.334170038,12,4,1,0.9729,High Risk,Month_6
CUST0359,71,Unemployed,Student,Chicago,198062,538,0.597471961,2,25807,0.195542578,3,6,0,0.2218,Low Risk,Age
CUST0360,52,Unemployed,Business,New York,137402,617,0.61107587,2,78035,0.126318359,13,6,0,0.1099,Low Risk,Month_4
CUST0361,33,Unemployed,Gold,Phoenix,38524,311,0.479103731,1,68998,0.292176141,13,5,0,0.0185,Low Risk,Month_2
CUST0362,58,Employed,Gold,Phoenix,180421,679,0.971116052,2,53553,0.291087687,15,5,0,0.1577,Low Risk,Month_2
CUST0363,53,Self-employed,Standard,Chicago,107193,316,0.332450404,1,86447,0.331376592,6,11,1,0.9706,High Risk,Age
CUST0364,50,Retired,Gold,Phoenix,21949,682,0.622161967,5,31449,0.421069057,18,5,0,0.0702,Low Risk,Month_5
CUST0365,21,Retired,Standard,Houston,34870,622,0.246062003,2,13761,0.40791133,1,5,0,0.2082,Low Risk,Income
CUST0366,50,Retired,Platinum,Los Angeles,59811,475,0.285306464,4,23125,0.242109897,9,7,0,0.0409,Low Risk,Month_5
CUST0367,31,Employed,Platinum,Los Angeles,42350,389,0.37853088,6,50310,0.17061806,17,6,0,0.1291,Low Risk,Missed_Payments
CUST0368,38,Employed,Platinum,New York,118081,523,0.825864667,4,74288,0.176587886,16,7,0,0.0257,Low Risk,Month_2
CUST0369,65,Employed,Gold,Phoenix,28807,728,0.552778886,5,24670,0.226319829,4,3,0,0.0212,Low Risk,Month_3
CUST0370,37,Employed,Gold,New York,107658,459,0.381904386,1,62561,0.263326845,11,6,0,0.2713,Low Risk,Month_2
CUST0371,73,Unemployed,Standard,Los Angeles,107658,384,0.574887265,4,91970,0.330506214,5,9,0,0.0139,Low Risk,Month_5
CUST0372,25,Unemployed,Student,Los Angeles,90353,643,0.507029576,1,88423,0.21990324,8,8,0,0.0078,Low Risk,Month_5
CUST0373,24,Retired,Standard,Phoenix,42350,664,0.401605326,4,11251,0.328039197,19,5,0,0.1359,Low Risk,Month_5
CUST0374,20,Retired,Platinum,Houston,76813,693,0.220674229,4,85678,0.336204015,0,4,0,0.0098,Low Risk,Credit_Utilization
CUST0375,34,Unemployed,Standard,Houston,101900,648,0.787708497,1,48942,0.314334388,14,10,1,0.0942,Low Risk,Month_2
CUST0376,50,Self-employed,Student,Phoenix,107658,773,0.541963626,3,7468,0.1871377,5,8,0,0.6172,High Risk,Month_5
CUST0377,65,Employed,Gold,Phoenix,107658,781,0.934747675,4,26000,0.346782673,18,2,0,0.0482,Low Risk,Credit_Utilization
CUST0378,29,Employed,Standard,New York,68932,535,0.688064324,2,82909,0.508126963,17,5,0,0.0827,Low Risk,Month_4
CUST0379,68,Employed,Platinum,Phoenix,107658,586,0.610263945,6,27490,0.324589683,5,8,0,0.012,Low Risk,Age
CUST0380,39,Employed,Platinum,Houston,150230,742,0.412959134,5,33472,0.1,12,7,1,0.9481,High Risk,Month_5
CUST0381,72,Unemployed,Gold,Phoenix,100999,823,0.280930887,3,13355,0.424087957,0,5,0,0.0382,Low Risk,Month_4
CUST0382,39,Employed,Standard,New York,88963,310,0.456453803,1,6118,0.229725222,12,4,0,0.8781,High Risk,Credit_Score
CUST0383,63,Unemployed,Student,New York,120616,345,0.275141481,3,98999,0.526571269,6,9,0,0.0445,Low Risk,Age
CUST0384,47,Employed,Gold,New York,61540,414,0.630038076,0,37658,0.311636345,14,7,0,0.2902,Low Risk,Month_2
CUST0385,55,Unemployed,Standard,New York,53756,611,0.8265305,0,94309,0.131529931,11,8,0,0.0377,Low Risk,Month_4
CUST0386,55,Employed,Business,Chicago,109297,806,0.447817547,4,33354,0.1,0,6,0,0.2023,Low Risk,Month_2
CUST0387,62,Employed,Platinum,Phoenix,107658,383,0.688898194,4,48942,0.453974076,14,8,0,0.0253,Low Risk,Month_2
CUST0388,68,Retired,Student,Los Angeles,53304,469,0.362154186,2,31674,0.410590499,3,6,0,0.1433,Low Risk,Income
CUST0389,71,Employed,Student,Phoenix,173427,550,0.439506632,6,3081,0.522601889,12,9,0,0.0614,Low Risk,Month_6
CUST0390,25,Employed,Student,Chicago,140917,725,0.337007203,5,16454,0.301092449,4,9,1,0.0865,Low Risk,Age
CUST0391,44,Self-employed,Platinum,New York,96317,685,0.073373393,3,63375,0.294347012,1,8,0,0.0082,Low Risk,Credit_Utilization
CUST0392,44,Unemployed,Standard,Chicago,93832,459,0.49269333,0,11587,0.261728121,0,6,0,0.3631,Low Risk,Month_6
CUST0393,51,Self-employed,Gold,Houston,31896,834,0.525690348,4,49798,0.234170976,15,6,0,0.0433,Low Risk,Month_2
CUST0394,38,Unemployed,Standard,Houston,107658,622,0.7131722,5,44454,0.260757045,5,5,0,0.0213,Low Risk,Month_2
CUST0395,47,Retired,Gold,Phoenix,70284,528,0.659087651,3,30575,0.321746333,15,5,0,0.0516,Low Risk,Month_5
CUST0396,50,Employed,Student,Phoenix,72043,308,0.66179058,4,45776,0.215609921,13,5,0,0.0721,Low Risk,Month_5
CUST0397,45,Retired,Standard,Los Angeles,183152,656,0.305192755,4,24835,0.133071065,2,4,0,0.0916,Low Risk,Month_4
CUST0398,64,Employed,Student,Los Angeles,170576,337,0.591899461,0,19733,0.315987663,14,8,0,0.0093,Low Risk,Month_2
CUST0399,50,Retired,Business,Houston,198401,523,0.816518793,0,52217,0.21338044,2,8,0,0.1288,Low Risk,Month_2
CUST0400,22,Retired,Student,New York,86726,584,0.57597357,4,60278,0.1,1,4,0,0.0376,Low Risk,Month_5
CUST0401,65,Employed,Student,Chicago,180421,762,0.865718723,1,91557,0.355256739,0,7,0,0.0793,Low Risk,Age
CUST0402,36,Unemployed,Gold,Los Angeles,107658,306,0.903793222,4,55345,0.189194096,8,6,0,0.0061,Low Risk,Month_2
CUST0403,21,Employed,Business,Los Angeles,57318,770,0.446306346,5,3091,0.366178945,8,2,1,0.9915,High Risk,Credit_Utilization
CUST0404,52,Employed,Student,New York,38524,563,0.360612051,4,32207,0.363784811,6,5,0,0.1343,Low Risk,Month_3
CUST0405,66,Retired,Student,New York,161377,380,0.347707567,2,98999,0.328359001,2,5,0,0.0814,Low Risk,Month_5
CUST0406,34,Employed,Business,Phoenix,119573,360,0.196772836,6,90739,0.549681784,17,8,0,0.0107,Low Risk,Credit_Utilization
CUST0407,61,Retired,Business,Chicago,167617,638,0.39631942,2,85780,0.286194815,10,5,0,0.1852,Low Risk,Month_3
CUST0408,45,Employed,Standard,New York,107658,627,0.74153309,2,44303,0.271436043,6,7,0,0.0279,Low Risk,Month_2
CUST0409,47,Self-employed,Gold,Los Angeles,71570,341,0.059192485,1,39582,0.368367242,8,4,0,0.0839,Low Risk,Credit_Utilization
CUST0410,46,Employed,Business,Los Angeles,165580,734,0.29250932,1,1217,0.294455264,0,5,0,0.3186,Low Risk,Month_5
CUST0411,63,Employed,Business,Houston,154487,595,0.474573712,4,89616,0.416049354,13,9,0,0.0146,Low Risk,Month_2
CUST0412,70,Employed,Platinum,New York,130359,835,0.32456296,2,47906,0.173119409,19,7,0,0.02,Low Risk,Month_6
CUST0413,23,Employed,Business,Phoenix,58919,784,0.394542811,1,45776,0.174782555,5,6,0,0.0308,Low Risk,Month_4
CUST0414,52,Retired,Gold,Chicago,109074,401,0.397534065,0,61210,0.376580949,6,7,0,0.239,Low Risk,Month_2
CUST0415,58,Unemployed,Student,Phoenix,152326,474,0.448491956,4,5626,0.183518906,9,6,1,0.9723,High Risk,Month_2
CUST0416,54,Unemployed,Student,Los Angeles,40934,694,0.354109061,5,62561,0.360909861,6,7,0,0.0614,Low Risk,Month_5
CUST0417,41,Unemployed,Student,Phoenix,126888,793,0.337757357,6,63412,0.337000285,1,5,0,0.1151,Low Risk,Missed_Payments
CUST0418,46,Retired,Student,Los Angeles,73243,595,0.686861949,3,62253,0.230551171,3,4,0,0.2516,Low Risk,Loan_Balance
CUST0419,66,Employed,Platinum,Los Angeles,107658,452,0.709930836,4,46333,0.336717016,16,4,0,0.1885,Low Risk,Age
CUST0420,63,Unemployed,Business,Los Angeles,65990,766,0.223891331,3,62253,0.176540755,0,5,0,0.0295,Low Risk,Credit_Utilization
CUST0421,70,Self-employed,Student,Los Angeles,180983,711,0.05,2,73733,0.200010007,9,9,0,0.041,Low Risk,Credit_Utilization
CUST0422,48,Employed,Standard,Los Angeles,196415,415,0.71267497,6,95276,0.276281226,18,6,0,0.0663,Low Risk,Month_5
CUST0423,52,Employed,Student,Houston,179506,398,0.254239916,3,59691,0.307892782,14,5,0,0.0971,Low Risk,Month_3
CUST0424,50,Employed,Business,Phoenix,71570,634,0.542548968,2,36820,0.269636146,9,7,1,0.962,High Risk,Age
CUST0425,69,Unemployed,Student,Houston,104588,811,0.186865625,0,65548,0.343311596,18,9,0,0.0374,Low Risk,Credit_Utilization
CUST0426,38,Employed,Platinum,Houston,146800,500,0.759550997,3,29584,0.338846642,11,7,0,0.2395,Low Risk,Month_3
CUST0427,49,Employed,Gold,New York,163216,768,1.0,6,60530,0.452936681,15,7,0,0.1775,Low Risk,Credit_Utilization
CUST0428,40,Self-employed,Gold,New York,193677,320,0.536561382,4,36913,0.290471465,8,7,0,0.0936,Low Risk,Month_3
CUST0429,50,Unemployed,Business,New York,38049,673,0.48117947,2,62342,0.419456343,14,4,0,0.1216,Low Risk,Month_2
CUST0430,20,Unemployed,Gold,Chicago,129821,536,0.435572085,4,49798,0.392072551,16,6,1,0.988,High Risk,Month_3
CUST0431,35,Self-employed,Gold,New York,115235,691,0.656359862,6,95276,0.529397728,13,6,0,0.0818,Low Risk,Missed_Payments
CUST0432,42,Self-employed,Standard,Phoenix,108610,467,0.61353735,1,55812,0.287274198,17,6,0,0.0654,Low Risk,Month_3
CUST0433,59,Employed,Business,Houston,31364,739,0.700699691,2,24851,0.257964128,1,5,0,0.3168,Low Risk,Month_4
CUST0434,48,Unemployed,Business,Phoenix,184160,572,0.374416695,3,78289,0.425769422,3,7,0,0.0975,Low Risk,Month_5
CUST0435,71,Retired,Gold,New York,59238,401,0.568023541,2,20052,0.338543257,17,8,0,0.0172,Low Risk,Month_4
CUST0436,20,Unemployed,Gold,Chicago,68682,339,0.391506387,4,88778,0.428165922,6,5,0,0.0091,Low Risk,Month_2
CUST0437,57,Employed,Gold,Chicago,28807,794,0.28845687,0,95136,0.37167988,12,8,0,0.2041,Low Risk,Month_4
CUST0438,63,Employed,Platinum,Houston,107658,799,0.491796916,2,41743,0.1,14,4,0,0.1022,Low Risk,Debt_to_Income_Ratio
CUST0439,41,Employed,Student,Phoenix,20569,427,0.315497454,3,87110,0.337632178,0,2,0,0.0379,Low Risk,Income
CUST0440,67,Employed,Platinum,Los Angeles,25916,762,0.7347454,1,45776,0.33112159,10,8,0,0.0071,Low Risk,Month_2
CUST0441,49,Employed,Business,Phoenix,127566,328,0.327615924,5,82438,0.31331069,9,12,0,0.0641,Low Risk,Month_5
CUST0442,64,Self-employed,Standard,New York,33888,398,0.572709188,0,1806,0.286775695,4,6,0,0.1755,Low Risk,Month_6
CUST0443,39,Employed,Student,Los Angeles,152162,446,0.37931554,1,4106,0.140785647,15,1,0,0.1215,Low Risk,Account_Tenure
CUST0444,40,Employed,Standard,Chicago,170026,788,0.55541255,2,95376,0.387417692,10,3,0,0.0788,Low Risk,Month_2
CUST0445,19,Employed,Business,Houston,51187,549,0.395200685,4,65387,0.337376843,5,8,0,0.0058,Low Risk,Month_5
CUST0446,44,Employed,Business,Houston,108396,378,0.248557745,6,85678,0.41019567,8,4,1,0.9681,High Risk,Month_5
CUST0447,59,Employed,Standard,Chicago,16062,690,0.596754548,4,73117,0.146124448,12,6,0,0.138,Low Risk,Month_5
CUST0448,19,Retired,Standard,New York,167617,700,0.452916876,3,52256,0.350713449,7,9,0,0.0353,Low Risk,Month_2
CUST0449,43,Employed,Standard,Chicago,187627,584,0.557196988,4,10778,0.276534066,13,6,0,0.0186,Low Risk,Month_5
CUST0450,34,Employed,Business,New York,115235,781,0.414231413,0,62010,0.314378801,0,6,0,0.0719,Low Risk,Month_6
CUST0451,57,Employed,Gold,Los Angeles,107658,528,0.234412697,4,29845,0.277684037,16,3,0,0.0732,Low Risk,Credit_Utilization
CUST0452,50,Employed,Standard,Chicago,99076,332,0.716635719,3,62010,0.354360793,4,8,0,0.0289,Low Risk,Month_5
CUST0453,26,Employed,Student,New York,190333,462,0.647351551,5,29416,0.283712688,1,9,1,0.2488,Low Risk,Age
CUST0454,60,Self-employed,Business,Los Angeles,65612,588,0.386607805,2,45776,0.194808507,8,7,0,0.0791,Low Risk,Month_2
CUST0455,71,Employed,Platinum,Chicago,162851,622,0.513955843,6,77743,0.308642542,3,8,0,0.0461,Low Risk,Age
CUST0456,65,Self-employed,Platinum,Houston,75566,338,0.708403897,2,83236,0.278582546,16,5,0,0.0395,Low Risk,Month_2
CUST0457,56,Self-employed,Student,Chicago,177993,739,0.408592333,4,24120,0.291660638,16,5,0,0.1629,Low Risk,Month_3
CUST0458,46,Employed,Gold,Phoenix,38049,758,0.439623099,1,71588,0.1,17,7,0,0.0536,Low Risk,Month_2
CUST0459,59,Retired,Standard,Chicago,107658,350,0.5487265,2,24835,0.368263608,15,6,0,0.0795,Low Risk,Month_5
CUST0460,72,Unemployed,Business,Phoenix,125448,354,0.408181787,5,45776,0.268533638,7,8,0,0.2647,Low Risk,Month_4
CUST0461,43,Employed,Standard,Los Angeles,146800,459,0.671418399,4,17913,0.165184643,10,7,1,0.9361,High Risk,Month_2
CUST0462,52,Employed,Business,Chicago,134180,757,0.466219844,6,16693,0.392256352,17,8,0,0.0362,Low Risk,Month_2
CUST0463,67,Retired,Platinum,Los Angeles,64922,658,0.343192825,3,67397,0.363636573,9,4,0,0.2008,Low Risk,Month_4
CUST0464,42,Retired,Standard,Los Angeles,107658,837,0.621727766,5,45776,0.26726798,12,5,0,0.0557,Low Risk,Month_2
CUST0465,41,Employed,Student,New York,24435,766,0.27157387,4,60530,0.184783062,16,9,0,0.0037,Low Risk,Month_5
CUST0466,30,Unemployed,Gold,Los Angeles,107658,664,0.902975712,5,45776,0.317803073,17,7,0,0.046,Low Risk,Month_2
CUST0467,24,Retired,Student,Los Angeles,193998,700,0.816499273,2,18952,0.312310608,9,6,0,0.1772,Low Risk,Month_6
CUST0468,74,Self-employed,Gold,Chicago,164143,580,0.602699095,6,44449,0.392433428,15,8,0,0.0256,Low Risk,Missed_Payments
CUST0469,53,Unemployed,Standard,Chicago,191615,796,0.585866204,3,42551,0.255626449,19,5,0,0.4119,Medium Risk,Account_Tenure
CUST0470,62,Employed,Standard,Houston,75566,845,0.576488284,4,82482,0.419492213,4,8,0,0.0212,Low Risk,Month_6
CUST0471,37,Unemployed,Gold,New York,167424,813,0.402181043,0,33772,0.2459747,12,5,0,0.1715,Low Risk,Month_3
CUST0472,18,Employed,Platinum,Los Angeles,53513,617,0.559461929,3,43870,0.165416822,17,4,0,0.0461,Low Risk,Month_4
CUST0473,25,Unemployed,Business,New York,155932,754,0.315373478,0,23685,0.186771724,16,6,0,0.0492,Low Risk,Month_4
CUST0474,63,Self-employed,Student,Phoenix,107658,475,0.600763684,5,75316,0.293758846,8,7,0,0.3563,Low Risk,Month_3
CUST0475,33,Employed,Student,Los Angeles,38049,508,0.673569389,1,60348,0.293448549,13,4,0,0.0918,Low Risk,Age
CUST0476,31,Employed,Student,New York,169786,822,0.42438278,3,48437,0.332786114,16,6,0,0.0045,Low Risk,Month_2
CUST0477,29,Employed,Standard,Houston,52744,796,0.380979641,5,44439,0.290962597,3,8,0,0.0071,Low Risk,Month_5
CUST0478,68,Employed,Student,Houston,24435,307,0.257504595,0,20374,0.397731852,17,5,1,0.9462,High Risk,Month_3
CUST0479,40,Unemployed,Business,Los Angeles,87474,429,0.791591047,2,26417,0.27389059,19,3,0,0.1579,Low Risk,Month_3
CUST0480,32,Retired,Business,Phoenix,86726,799,0.396867193,2,54622,0.100372374,14,4,0,0.0089,Low Risk,Month_4
CUST0481,45,Employed,Gold,Houston,59482,346,0.460252193,1,85678,0.287890331,10,4,0,0.2587,Low Risk,Month_4
CUST0482,51,Employed,Standard,Houston,59811,792,0.560031117,3,45776,0.1,11,4,0,0.2161,Low Risk,Debt_to_Income_Ratio
CUST0483,19,Employed,Business,Phoenix,107658,766,0.556441529,3,45776,0.327139098,8,7,0,0.0741,Low Risk,Month_5
CUST0484,49,Employed,Platinum,New York,147396,401,0.649312019,3,7468,0.4057193,12,5,0,0.2501,Low Risk,Month_5
CUST0485,40,Employed,Standard,Houston,116570,556,0.424134016,5,76567,0.201377551,14,5,0,0.0831,Low Risk,Month_4
CUST0486,39,Employed,Standard,Chicago,39285,567,0.272266412,6,37463,0.441855669,14,8,0,0.0168,Low Risk,Month_2
CUST0487,68,Retired,Business,Houston,43732,524,0.237266938,6,53553,0.384283124,4,1,0,0.0199,Low Risk,Credit_Utilization
CUST0488,42,Unemployed,Platinum,New York,188420,550,0.384148953,1,86846,0.420648016,18,7,0,0.0649,Low Risk,Month_2
CUST0489,39,Self-employed,Gold,New York,115497,665,0.309629905,3,64110,0.318956386,19,6,0,0.0404,Low Risk,Month_2
CUST0490,39,Employed,Business,Los Angeles,153877,618,0.439276659,5,36029,0.200723482,13,3,0,0.0823,Low Risk,Month_2
CUST0491,66,Self-employed,Platinum,Chicago,54954,825,0.761515762,2,77743,0.378081543,16,5,0,0.0177,Low Risk,Month_2
CUST0492,69,Employed,Standard,New York,177993,818,0.424544359,0,32630,0.237539909,17,8,0,0.0146,Low Risk,Month_2
CUST0493,59,Unemployed,Platinum,Phoenix,191517,813,0.424469828,5,23047,0.311788451,2,7,0,0.1458,Low Risk,Month_2
CUST0494,23,Unemployed,Standard,Chicago,168487,306,0.496720245,6,5539,0.282864901,1,4,0,0.0324,Low Risk,Month_5
CUST0495,32,Employed,Business,Chicago,107658,811,0.418875002,6,16699,0.412469586,0,3,1,0.9838,High Risk,Missed_Payments
CUST0496,71,Retired,Business,Phoenix,48307,688,0.486521753,2,12707,0.373032701,9,3,0,0.1901,Low Risk,Month_3
CUST0497,60,Unemployed,Student,Houston,86180,836,0.608173844,2,45595,0.29194342,18,5,1,0.5376,Medium Risk,Account_Tenure
CUST0498,54,Employed,Student,Phoenix,152326,847,0.676950211,0,44449,0.104839281,16,5,0,0.0566,Low Risk,Account_Tenure
CUST0499,50,Employed,Student,Phoenix,105852,343,0.70064264,2,11155,0.236477253,11,6,1,0.941,High Risk,Month_4
CUST0500,25,Self-employed,Business,Houston,40945,442,0.911370444,1,36968,0.370422229,0,5,0,0.4819,Medium Risk,Credit_Utilization
